Model,Train_Mean,Train_Std,Validation_Mean,Validation_Std,Overfit_Gap,Is_Overfit
Decision Tree,0.977625093832204,0.0015241335884731552,0.9735756362105785,0.009240785005720672,0.004049457621625452, NO
